variant,raw_feature_count,accuracy,macro_f1,weighted_f1,mae_ordinal,quadratic_weighted_kappa,undertriage_rate_all,severe_undertriage_true_1_2_to_3_5
majority_class_3,0,0.3615,0.10620639001101725,0.1919680499449137,0.82125,0.0,0.20825,1.0
main_table_only,49,0.7805,0.7993614127976424,0.7836763292304485,0.2250625,0.8978090539100416,0.1604375,0.08103241296518607
main_plus_history_no_text,74,0.76675,0.8003752524117413,0.7683454154736167,0.2430625,0.8891349888046675,0.19475,0.09543817527010805
all_valid_features,75,0.9945625,0.9839505434161631,0.9946519503969703,0.0054375,0.9975023068134443,0.0008125,0.0
no_composite_scores,69,0.99575,0.9870781637186437,0.9957769552335844,0.00425,0.9980398853920989,0.0014375,0.0
minimal_clinical_intake,49,0.9961875,0.9881533083782971,0.9961703422742189,0.0038125,0.9982347930422892,0.002375,0.0
