variant,raw_feature_count,accuracy,macro_f1,weighted_f1,mae_ordinal,quadratic_weighted_kappa,undertriage_rate_all,severe_undertriage_true_1_2_to_3_5,fold,train_rows,validation_rows
fold_1,75,0.9925,0.9779958890879223,0.9926737520740294,0.0075,0.9965641005833212,0.0010625,0.0,1,64000,16000
fold_2,75,0.9310625,0.8562222642484786,0.9379772650631769,0.0689375,0.9714357407949635,0.00025,0.0012004801920768306,2,64000,16000
fold_3,75,0.994625,0.9857031953657096,0.9946940419969964,0.006,0.9966641777886263,0.0005,0.0,3,64000,16000
fold_4,75,0.99575,0.9868446304052723,0.9957156999719071,0.00425,0.9980298946109505,0.0029375,0.0,4,64000,16000
fold_5,75,0.9925,0.9751854851472246,0.9922087068636487,0.0075,0.996490783505289,0.007375,0.0,5,64000,16000
