metric,mean,std
accuracy,0.9812875,0.02811158013168239
macro_f1,0.9563902928509215,0.05621478436769759
weighted_f1,0.9826538931939517,0.025016340244323
mae_ordinal,0.0188375,0.02803874272769733
quadratic_weighted_kappa,0.99183693945663,0.011422216805824512
undertriage_rate_all,0.002425,0.002960481907561672
severe_undertriage_true_1_2_to_3_5,0.00024009603841536613,0.0005368710630251596
