threshold,alert_rate,recall_high_acuity,precision_alert,specificity_non_high_acuity,missed_high_acuity_count,alerted_high_acuity_count,false_alert_count,target_recall
0.9999237881740831,0.197875,0.9501800720288115,1.0,1.0,166.0,3166.0,0.0,0.95
0.997978596501165,0.204125,0.9801920768307323,1.0,1.0,66.0,3266.0,0.0,0.98
0.9906286176470813,0.2061875,0.9900960384153662,1.0,1.0,33.0,3299.0,0.0,0.99
0.6535775655032633,0.20825,1.0,1.0,1.0,0.0,3332.0,0.0,1.0
